"bin","age_group","attri_mort","attri_mort_lower","attri_mort_upper"
0,"old",0,0,0
0.5,"old",0,0,0
1,"old",0,0,0
1.5,"old",0,0,0
2,"old",0,0,0
2.5,"old",0.000135701880273372,0.000108680166336528,0.000163566280339125
3,"old",0.000634241956440389,0.000505702671926616,0.000768261714345828
3.5,"old",0.00107751313908556,0.000860942745064583,0.00130291129843517
4,"old",0.00150697985039911,0.00120492867605966,0.0018214784438279
4.5,"old",0.00193904317334483,0.0015499412438154,0.00234461217132978
5,"old",0.00232187123782667,0.00184973358486169,0.0028176921856487
5.5,"old",0.00269935053029427,0.00214841736173344,0.00327867694263559
6,"old",0.00306691696830553,0.00244233276255854,0.00372338678864145
6.5,"old",0.00332422507759363,0.00264851920213513,0.00403462366036585
7,"old",0.00353611745653937,0.00281412952984413,0.00429782192529569
7.5,"old",0.00384519887530425,0.003064105820723,0.00466786773735227
8,"old",0.00409122002326469,0.00326154763746109,0.00496570513782802
8.5,"old",0.00433950581115262,0.00346609185755577,0.00525716607363707
9,"old",0.00472387030637109,0.00378198861650818,0.00570835827247189
9.5,"old",0.00509501677832199,0.00407609085099832,0.00616352845455251
10,"old",0.00554623097278865,0.00443357883162243,0.00671585847743658
10.5,"old",0.00591956857212709,0.00472834361180386,0.00717392521989865
11,"old",0.00627748580571574,0.00501415030059691,0.00760633443619669
11.5,"old",0.00656891836183169,0.00523921232529227,0.00796962746979176
12,"old",0.00686741290616994,0.00547082411862715,0.00834108601079614
12.5,"old",0.00711859278522685,0.00567181921696759,0.00863840590989877
13,"old",0.00740842194104908,0.00589942352885246,0.00898863405992051
13.5,"old",0.00766214868076593,0.00611103828960155,0.00928611746775628
14,"old",0.00795097103270697,0.00633488663330038,0.00964312071584086
14.5,"old",0.00822015159358767,0.0065538689494223,0.0099663447986518
15,"old",0.0084826685097712,0.00675384032090832,0.0103015782329721
15.5,"old",0.00872588923439613,0.0069548374245351,0.0105864491953799
16,"old",0.00896016251031764,0.00714277261883213,0.0108707098277345
16.5,"old",0.00919002488576189,0.00733103506616381,0.0111422511675922
17,"old",0.00936179955227068,0.00747621875286135,0.0113395897160595
17.5,"old",0.00947155973220164,0.00753495837872565,0.0115150426994339
18,"old",0.00959360973997623,0.00761002518922373,0.011689214977366
18.5,"old",0.00971273621232513,0.00768412306034956,0.0118627932073829
19,"old",0.0098438659105616,0.0077808896795421,0.0120288407940096
19.5,"old",0.00998339709638759,0.00787483618721504,0.0122269311578656
20,"old",0.0102059431629019,0.00804301189404843,0.0125105926342313
20.5,"old",0.0103864912669221,0.00816583107774145,0.0127661754349958
21,"old",0.0105442249267887,0.00826376663087347,0.0129872663521965
21.5,"old",0.010676847326046,0.00831484374272993,0.0132152881757817
22,"old",0.0109274765257316,0.00847771544623895,0.0135628155331977
22.5,"old",0.0111184550404624,0.00860539122376456,0.0138186266009577
23,"old",0.0113154590968536,0.00875404706797238,0.0140682853258842
23.5,"old",0.0115953910177703,0.00896299635913706,0.0144174085540796
24,"old",0.0118631329233334,0.00915766251867525,0.0147641092448758
24.5,"old",0.0120718865280951,0.00931358121996387,0.0150308003657465
25,"old",0.0122724797824475,0.00947012072734692,0.0152755432946712
25.5,"old",0.0123621633604945,0.00954039811053699,0.0153923056533417
26,"old",0.0125443004815783,0.00968138344901354,0.0156262720031706
26.5,"old",0.0125271636656303,0.00969941006105306,0.0155713163226672
27,"old",0.0126572226041664,0.00979466840961476,0.0157427448818359
27.5,"old",0.0128969875144693,0.00998261944637221,0.0160421023170944
28,"old",0.0131747048030508,0.0101818136014539,0.0164084860784589
28.5,"old",0.013475838822792,0.0103937381990347,0.0168180680550705
29,"old",0.0136112727833375,0.010479134544696,0.0170140412002507
29.5,"old",0.0138402420311321,0.0106364204219372,0.0173265039674052
30,"old",0.0140516480647957,0.0107834400522829,0.0176085448479406
30.5,"old",0.0142954152419884,0.0109693245259267,0.0179195079090739
31,"old",0.0144633742192422,0.0110713417635923,0.0181712579336121
31.5,"old",0.0147226464601488,0.011247061293082,0.0185162776123823
32,"old",0.0149598648711607,0.0114094924401403,0.0188529157408564
32.5,"old",0.0150804686844261,0.0114721878160724,0.0190442208546395
33,"old",0.0152860428781808,0.0116260608482348,0.0193153967926797
33.5,"old",0.0153652660172174,0.0116863316009716,0.0194187831338063
34,"old",0.0155507980879497,0.0118291968421318,0.0196428290435015
34.5,"old",0.0157887582942978,0.012031179871647,0.019919518296469
35,"old",0.0158935261121861,0.0121203772169657,0.0200341779991889
35.5,"old",0.0158664654738984,0.0121049809595161,0.019994736326516
36,"old",0.0160539312126437,0.0122389327116753,0.0202482112223721
36.5,"old",0.0160689698226617,0.0122616058158026,0.0202551384571749
37,"old",0.0161589552844296,0.0123147437322934,0.0203857445229888
37.5,"old",0.0160858211834189,0.0122757715274219,0.0202744359664869
38,"old",0.0163968528562011,0.0124748275110704,0.0207199579868411
38.5,"old",0.0164151559627579,0.0125050215775483,0.0207343224223228
39,"old",0.0164419619876217,0.0125443182473044,0.0207406410320909
39.5,"old",0.0166417126831861,0.0126691416238761,0.021028114860295
40,"old",0.0168517004589161,0.0128182668884301,0.0213092454504033
40.5,"old",0.0169388585124278,0.012903433541083,0.0214021691813425
41,"old",0.01711057650385,0.0130505171449192,0.0215955202912915
41.5,"old",0.0172835372909114,0.0131422044802073,0.0218730935181117
42,"old",0.0174162216935509,0.0132522119006944,0.022026012065234
42.5,"old",0.0175006914763843,0.013323353726981,0.0221230106089398
43,"old",0.0175808457437894,0.0134107766196107,0.0221949743876056
43.5,"old",0.0175946616144254,0.0134350714215125,0.0221922203253672
44,"old",0.0178085267714416,0.0136166572666693,0.0224528648525349
44.5,"old",0.0179164201979839,0.0137227513473832,0.022561601560972
45,"old",0.0181598978992954,0.0138977781856267,0.0228944800834522
45.5,"old",0.0180310799796768,0.0137659492369295,0.0228081909072096
46,"old",0.0181485480368786,0.01386116850218,0.0229558703616139
46.5,"old",0.0181328037112798,0.0138310414798484,0.0229710146009333
47,"old",0.0181554791303951,0.0138472730333216,0.023010411585198
47.5,"old",0.0180551241555698,0.013764762166425,0.0229065067203912
48,"old",0.0181239598213879,0.0137732020098642,0.0230563634014316
48.5,"old",0.0180801889129437,0.0137313647596653,0.0230224406596085
49,"old",0.0181690460208868,0.0137836171427837,0.0231481027486448
49.5,"old",0.0182404806004736,0.0138469229680652,0.0232159083731825
50,"old",0.0183608268863255,0.0139402451920358,0.0233630334881076
50.5,"old",0.0185490000491947,0.0140637857017156,0.0236224785682159
51,"old",0.0188509029538864,0.0142795432788622,0.024028403238765
51.5,"old",0.0189764636303995,0.0144078925043028,0.0241231445761885
52,"old",0.018907454066584,0.0142980319082804,0.0241098743522401
52.5,"old",0.0192186021300047,0.0145461738300312,0.0244742652800219
53,"old",0.0193536798772232,0.0146019952086264,0.0247265798013715
53.5,"old",0.0194800627237186,0.0147085654662348,0.024863571570313
54,"old",0.0195795528404374,0.01482583579009,0.024918035937314
54.5,"old",0.0195958207688072,0.0148693100395706,0.0248897494734251
55,"old",0.0199615889185845,0.0151332762348619,0.0253837060557714
55.5,"old",0.0198799197849041,0.0151368233657168,0.025172598655884
56,"old",0.0201315648246846,0.0153225965824139,0.0254739137745826
56.5,"old",0.020176788776687,0.0153829032310035,0.0254962395193438
57,"old",0.0202184049509282,0.0154693277668625,0.0254623956540861
57.5,"old",0.0202632397509948,0.0154441282603882,0.0255978010610387
58,"old",0.0202512273091735,0.0155023514463232,0.0254914251140144
58.5,"old",0.0202160474474623,0.015466263531864,0.0254490488335857
59,"old",0.0206254252562414,0.0157786068947867,0.0259673941863623
59.5,"old",0.020870546867188,0.0160180510243169,0.0262011334064411
60,"old",0.0205780687867941,0.0157717510209344,0.025868786046802
60.5,"old",0.0207116147374492,0.0159115667784544,0.0259652396792882
61,"old",0.0207543495606098,0.0159563311895328,0.0260080831415852
61.5,"old",0.0208738937317872,0.0160330867011303,0.0261955418256777
62,"old",0.020801247630777,0.0159412483290486,0.0261578710756641
62.5,"old",0.021114239457668,0.016218067347335,0.026498340813529
63,"old",0.0208420412401276,0.0159923942518604,0.0261824207061681
63.5,"old",0.021225702318096,0.0162526916466967,0.0266846318268292
64,"old",0.0213086244483229,0.0162706065525694,0.0268681742392475
64.5,"old",0.0217138149952566,0.0165110271976891,0.0274575264168657
65,"old",0.0217237835515823,0.0165833885439551,0.0273986699786788
65.5,"old",0.0218640258480889,0.016625231925019,0.0276720069453478
66,"old",0.0219590869616224,0.0166971981801833,0.0277955286926048
66.5,"old",0.0220024791454896,0.0167185633832035,0.0278726719901981
67,"old",0.022140786806364,0.0167725144674966,0.028128431070962
67.5,"old",0.021951542997164,0.0167186050968747,0.0277560458628101
68,"old",0.0222534621100399,0.0169507100957274,0.0281423136205582
68.5,"old",0.0223215582822718,0.0170075622832993,0.0282249467925866
69,"old",0.022099821032096,0.0168609266185498,0.027946045223982
69.5,"old",0.0221632328686682,0.0169229458217695,0.0279886805628341
70,"old",0.0220948837831483,0.0169178561666092,0.0278420468340953
70.5,"old",0.0225578657033997,0.0171773701875121,0.0285325170406019
71,"old",0.022673318317731,0.0173753444274874,0.0284909761872228
71.5,"old",0.0226789849196298,0.0173416553588276,0.0285948957205595
72,"old",0.0228621281592463,0.0174409102226563,0.028908146079969
72.5,"old",0.0232044394947712,0.0177137514258108,0.0293338827123905
73,"old",0.0233595303217947,0.0178810362557832,0.0294016692826079
73.5,"old",0.0231061975935271,0.0176571258975652,0.0292091275227697
74,"old",0.0231858602878161,0.0177525311207796,0.0292703351225707
74.5,"old",0.0231439757134523,0.0177165763433563,0.0292449058310688
75,"old",0.0231886294990464,0.0177640323294376,0.0292268457153675
75.5,"old",0.0233124525223889,0.0178737984290741,0.0293726341193842
76,"old",0.023557816679143,0.0180652905741409,0.0296765645679929
76.5,"old",0.0233235868777913,0.0178889557817079,0.0293598564334423
77,"old",0.0236677837157794,0.0181844968803027,0.0297438810866823
77.5,"old",0.0235554094784867,0.0180988452005865,0.0296435498696083
78,"old",0.0238099404620395,0.0182294493068755,0.0300784549279988
78.5,"old",0.0240124352082129,0.0184998317784023,0.0301065687168866
79,"old",0.0241687307326937,0.018612134651413,0.0303194300261565
79.5,"old",0.0244919594913357,0.0188840211441786,0.0306541487018107
80,"old",0.0246172574833767,0.0188423014067166,0.0310415336934852
80.5,"old",0.0247896658826357,0.0191354225324268,0.0310177718444718
81,"old",0.0251295887100165,0.0193339529087683,0.0315046190276803
81.5,"old",0.0251043089870403,0.0194244694107338,0.0312916111596879
82,"old",0.0253408792938363,0.0194824437949236,0.0318018147274422
82.5,"old",0.0255928995622076,0.0197143003989315,0.0320092889841582
83,"old",0.0256263242255956,0.0197945922827017,0.0319547882290448
83.5,"old",0.0257306893535716,0.0197658761265001,0.0322432305766727
84,"old",0.025154296864372,0.0194727883834731,0.0312690033470211
84.5,"old",0.0253474959431161,0.0195971668490914,0.0315941728906674
85,"old",0.0256598739694009,0.0199343616324153,0.0318636396116374
85.5,"old",0.0258102348191578,0.0199617603620875,0.0321841067739088
86,"old",0.0259585105768089,0.0200297278414795,0.0323906557227391
86.5,"old",0.0260903858843212,0.0202709461685376,0.0323820755771008
87,"old",0.0257593916655126,0.0198996388959481,0.0320980189673975
87.5,"old",0.0260840292035586,0.0202460586678371,0.0323801402198603
88,"old",0.026453662487544,0.0207064072268718,0.032599145381365
88.5,"old",0.0262468106500821,0.0203968973592573,0.0325790689416846
89,"old",0.0265876576555859,0.0206087122005616,0.0330713648157138
89.5,"old",0.0269041944898571,0.0208086083904934,0.0335183599245545
90,"old",0.0269148602802975,0.0209040066667307,0.0333780710770095
90.5,"old",0.0267863513774823,0.0208300024906497,0.0331732236162893
91,"old",0.0269999637995562,0.0209957994546852,0.0334580760624655
91.5,"old",0.0268805174841053,0.0208378708978003,0.0333975072520915
92,"old",0.0276306525548328,0.0215211760471227,0.0342135852143725
92.5,"old",0.0273067474259407,0.0212659019352401,0.0338091560030729
93,"old",0.0273435749714867,0.0214156839369071,0.0336582477144967
93.5,"old",0.0277271012411437,0.0217467086011461,0.0341130426000883
94,"old",0.0278775884310669,0.021729659222801,0.0344951546540758
94.5,"old",0.0279654206753556,0.0218664967575201,0.0344803729981243
95,"old",0.0282314569481905,0.0220364948187169,0.0348482073648933
95.5,"old",0.0280626393784293,0.0218057912226528,0.0348454111340663
96,"old",0.0281327213019948,0.0218766614242029,0.0349264180686947
96.5,"old",0.0284043737245794,0.0221486042686483,0.0351305329628445
97,"old",0.0285328043510039,0.0222281742426399,0.0353215247460559
97.5,"old",0.0285787081625515,0.0223539346613267,0.0352508494706113
98,"old",0.0286517636738343,0.0223103911742045,0.0354477275584506
98.5,"old",0.0290262440290018,0.0227589382376607,0.0357078700794577
99,"old",0.0287642014246624,0.0223606392370844,0.0356615384904264
99.5,"old",0.0292456177901759,0.022759752992822,0.0362396643517675
100,"old",0.0289408911638258,0.0225532688558465,0.0357939756305379
100.5,"old",0.0291995801609048,0.0227603000935195,0.0361209105346695
101,"old",0.0285888750677368,0.0224051863400172,0.035212107205711
101.5,"old",0.0288003646343262,0.0226665714885495,0.0353300638041015
102,"old",0.0286614418690006,0.0225720417947368,0.0351351628613123
102.5,"old",0.0291180757430707,0.0229674726800176,0.0356140334401525
103,"old",0.0291025776758173,0.0229886441158734,0.0355256936761808
103.5,"old",0.0284573072223591,0.0225022254156821,0.0347469308237557
104,"old",0.0283416822409403,0.0224499768772595,0.0345255575127543
104.5,"old",0.0287883913661024,0.0226832897676095,0.0352833042047778
105,"old",0.0282751545733663,0.0223156691706524,0.034619549488179
105.5,"old",0.028535355772037,0.0226557199650617,0.0346632793571046
106,"old",0.0286442431699245,0.0227222531624489,0.0348545720373246
106.5,"old",0.0289364392751286,0.0228326803188701,0.0354076732848719
107,"old",0.0285143438957529,0.0226449972582184,0.0346646020050418
107.5,"old",0.0281825210421913,0.0224637425407547,0.0341073822665141
108,"old",0.0287022010738774,0.0227390590482614,0.0349834743721698
108.5,"old",0.0285869842200567,0.0228603351019398,0.0345079345297365
109,"old",0.0290754792697361,0.0232761402877344,0.0350970155357353
109.5,"old",0.0290641064286287,0.0231877760081262,0.0351784811438323
110,"old",0.0290408262493926,0.0230819118327083,0.0353183749919985
110.5,"old",0.0293374884106058,0.023476792792601,0.0354112037070924
111,"old",0.0300156058994537,0.0239552337726028,0.0363700309382457
111.5,"old",0.0297806385430342,0.0235888648366983,0.0362624840040915
112,"old",0.0306347649504334,0.0242355711129373,0.0373555341762758
112.5,"old",0.0304449377051959,0.0244144724333113,0.0366486746858097
113,"old",0.0311433839604826,0.0248013793045641,0.037766272090225
113.5,"old",0.0314363416228635,0.0248857873636263,0.0383670734284816
114,"old",0.0319432995770939,0.0254584945137132,0.0387118852785164
114.5,"old",0.0319851307833823,0.025473060960467,0.0387746396586829
115,"old",0.0323033793305271,0.0259456670011807,0.0388430293094096
115.5,"old",0.0315771188819134,0.0251099902468404,0.0383242126182131
116,"old",0.0313268901645406,0.0251534119370191,0.0376794736415006
116.5,"old",0.0314418382047984,0.0250318905093278,0.0381312485332598
117,"old",0.0316659836851448,0.0254345351284877,0.0380668160372451
117.5,"old",0.0317898438346932,0.0255604435876136,0.0381910784303645
118,"old",0.0320417467495402,0.0255195306586218,0.0388608273703078
118.5,"old",0.0317918960811528,0.0255246170628975,0.0382836648978141
119,"old",0.031806175464765,0.0253327597015988,0.038557577593215
119.5,"old",0.0325480673214866,0.0257491261576191,0.0397215828096348
120,"old",0.0328910448620339,0.0263913920838183,0.0395989507802019
120.5,"old",0.032849159906758,0.0260819729910543,0.0399553280026041
121,"old",0.0323071860630584,0.0255646554584764,0.0393981005019458
121.5,"old",0.0317077693111551,0.0251753921605429,0.0385036220011786
122,"old",0.0333597463208301,0.0260980520072671,0.041124584877974
122.5,"old",0.0324515484877027,0.0256409770085191,0.0396210510873023
123,"old",0.0335959722753127,0.0263282769269038,0.0413567516982654
123.5,"old",0.0339788742345151,0.027030416639203,0.0412135434489216
124,"old",0.0332033976180634,0.0261946568095314,0.0405563439937138
124.5,"old",0.0334607298109102,0.0260733033801525,0.0413719371923905
125,"old",0.0332069956523448,0.0262875257784663,0.0404560903650349
125.5,"old",0.0348125462758141,0.0276342921743182,0.042402953105895
126,"old",0.033928953303065,0.0266454103022087,0.0416566645151213
126.5,"old",0.0340123306797683,0.0269082351283287,0.0414634318384877
127,"old",0.0345000773513944,0.0272664095176165,0.0421361170688923
127.5,"old",0.0346925059487524,0.0270654579304455,0.0428802350239213
128,"old",0.0343793212909688,0.0271630007686786,0.0419438300676558
128.5,"old",0.0347113452988886,0.0272461303795,0.0426510711577675
129,"old",0.0349216781948083,0.027603066463482,0.042651659016617
129.5,"old",0.0347901783352862,0.0273715641148212,0.0426536165279702
130,"old",0.0347557675385095,0.0271202391396214,0.0429278522650716
130.5,"old",0.0350094044208707,0.0276602210678537,0.0427704725948942
131,"old",0.0347507444580598,0.0271749283865474,0.0428238690102715
131.5,"old",0.035478114466925,0.0281461605234779,0.0432271374533053
132,"old",0.0352407632243317,0.027755640406547,0.0431952052285544
132.5,"old",0.0353529156110205,0.0278980212034757,0.0432628584617775
133,"old",0.0353381546658044,0.0277387221447309,0.0434532073098122
133.5,"old",0.03555154799362,0.0282392963549417,0.0432522073132094
134,"old",0.0355565716639134,0.0279749731381845,0.0436453692140668
134.5,"old",0.0357479271977944,0.0284756375367488,0.0433892724355519
135,"old",0.0356634921395341,0.0282610338790806,0.0434851058820958
135.5,"old",0.0354106027903643,0.0279985232322375,0.043227120417463
136,"old",0.0361053523901687,0.0285221546608938,0.0442026907814532
136.5,"old",0.0359981821609995,0.0284380439229203,0.0440505531385364
137,"old",0.0357551983241229,0.0282168377091426,0.0437577470669676
137.5,"old",0.0366017800944435,0.0288475793516142,0.0449581774126886
138,"old",0.0360341534238899,0.028494819752342,0.0440417556180965
138.5,"old",0.036536852298831,0.0286651659146868,0.0450506800155522
139,"old",0.0359467890853614,0.0282432076013351,0.0441791746590657
139.5,"old",0.0362277800655166,0.0289479791376487,0.0438512934368773
140,"old",0.0363399396781996,0.0284565412212038,0.044844369516222
140.5,"old",0.0367027315076666,0.0284413844572329,0.0457724318155991
141,"old",0.0370792294010421,0.0285606426014236,0.0465381892451855
141.5,"old",0.0366567830724531,0.0288672196477649,0.0450260275640726
142,"old",0.0365719110097823,0.0295154122916065,0.0438626471792354
142.5,"old",0.0359442733184095,0.0281792055069381,0.0442294694008201
143,"old",0.0361942295594813,0.0288559908446878,0.0438653342402149
143.5,"old",0.0366557820816804,0.0291833680834953,0.0445426620257259
144,"old",0.0371851812179595,0.0294262352947188,0.0455115272382004
144.5,"old",0.0368095903018846,0.0294263220572439,0.0445638372961485
145,"old",0.0366876685537895,0.0285215108490194,0.0455720850981812
145.5,"old",0.0363751453529924,0.0281575057287662,0.0453120471688356
146,"old",0.0376777447546364,0.0293119048457875,0.0468945553981994
146.5,"old",0.0380508651040398,0.0294112788275665,0.0476819515579248
147,"old",0.0377955456031579,0.0289194943028784,0.0477527595338461
147.5,"old",0.0382885455870345,0.0293126085837038,0.0484124179389094
148,"old",0.0383233959109754,0.0293405778072361,0.0484544125484628
148.5,"old",0.0380247457151099,0.0291027193858577,0.0480467692392214
149,"old",0.0383930669022414,0.0293965010247912,0.0485383530861749
149.5,"old",0.0379035217215911,0.02900645665832,0.0478733093304348
150,"old",0.038466068499167,0.0294551100121271,0.0486262877016408
150.5,"old",0.0384994579377661,0.0294819205809346,0.0486665011371799
151,"old",0.0385353893902026,0.0295107754767894,0.0487097713187537
151.5,"old",0.0385649325525391,0.0295345024590545,0.0487453450888105
152,"old",0.038603460848179,0.0295654488306174,0.0487917333431718
152.5,"old",0.0386364184008027,0.0295919234211084,0.0488314103187404
153,"old",0.0386667780468453,0.0296163134144455,0.0488679562795193
153.5,"old",0.0387088514091524,0.0296501175029841,0.0489185973158499
154,"old",0.0387356474695668,0.0296716490510555,0.0489508468733909
154.5,"old",0.0387722855830936,0.029701091951767,0.0489949371144889
155,"old",0.0388066453400226,0.0297287067694213,0.0490362813130324
155.5,"old",0.0388370255889322,0.0297531255816028,0.0490728335924866
156,"old",0.0388639209908603,0.0297747452011863,0.0491051902872961
156.5,"old",0.0388969940163204,0.0298013330336978,0.0491449754194069
157,"old",0.0389305755560979,0.0298283323835281,0.0491853681795649
157.5,"old",0.0389664900045434,0.0298572101984248,0.049228562778402
158,"old",0.0389970613465489,0.0298817943304231,0.0492653273260652
158.5,"old",0.0390254898915213,0.0299046572155241,0.0492995121315558
159,"old",0.0390549249842874,0.029928331720079,0.0493349040876302
159.5,"old",0.0390823094437036,0.029950358658606,0.0493678277883389
160,"old",0.0391340070440507,0.0299919470912523,0.0494299750996136
160.5,"old",0.0391524881790022,0.0300068160140485,0.0494521893470508
161.5,"old",0.0392136673332039,0.0300560428434086,0.0495257183409974
162,"old",0.0392560773791503,0.0300901726728703,0.0495766815206254
164,"old",0.0393695022785708,0.0301814735929969,0.0497129496190407
164.5,"old",0.0393989503979785,0.0302051827892392,0.0497483208590789
165.5,"old",0.0394457275170089,0.0302428481511893,0.0498045001801066
166,"old",0.0394805383080521,0.0302708815324014,0.0498463028167523
0,"young",0,0,0
0.5,"young",0,0,0
1,"young",0,0,0
1.5,"young",0,0,0
2,"young",0,0,0
2.5,"young",1.02785890176748e-05,8.09635752173972e-06,1.26568752955693e-05
3,"young",4.50586440140939e-05,3.50705543703117e-05,5.62067331270277e-05
3.5,"young",7.50137348908538e-05,5.87770367977132e-05,9.29146840457756e-05
4,"young",0.000106108998665508,8.34954088304407e-05,0.000130818259653358
4.5,"young",0.000143481989361743,0.000113078469685058,0.00017658583848342
5,"young",0.000176172128676207,0.000137756647086238,0.000218622164686199
5.5,"young",0.000209515038723608,0.000163948760359554,0.000259752508686755
6,"young",0.000242484476393984,0.000189928053115552,0.000300391835615136
6.5,"young",0.000259626913352238,0.000203730178762639,0.00032100264210206
7,"young",0.000272323526944392,0.000213532916597478,0.000337037323683837
7.5,"young",0.000298790594236694,0.000235092339042517,0.000368543501095492
8,"young",0.000321593311082198,0.00025292800256069,0.000396983151159638
8.5,"young",0.00034519539183804,0.000271770550866124,0.000425643841717541
9,"young",0.00038304948056031,0.000302617520067117,0.000470607704188216
9.5,"young",0.000421314843932922,0.000331531082321743,0.000519991101624176
10,"young",0.000468565041196661,0.000366425160673928,0.000582007577930547
10.5,"young",0.000502007894485025,0.000390543882965899,0.000627071684537821
11,"young",0.000534077984600918,0.00041501377252254,0.000667982065803068
11.5,"young",0.000554437579114912,0.000429561972359674,0.000695529338324465
12,"young",0.000580424697176052,0.000448268316169449,0.000730312955049647
12.5,"young",0.000599059738938147,0.000463280963724682,0.000752639318492715
13,"young",0.000624647830434198,0.000483401722600096,0.000783746067478914
13.5,"young",0.000650757288992395,0.000505002001622184,0.000814349702190518
14,"young",0.000687243193220933,0.000531879473208182,0.000862519113559223
14.5,"young",0.000722372641325257,0.000559206268523818,0.000907232524789588
15,"young",0.000750562209464694,0.000578009818187581,0.000948927999962839
15.5,"young",0.000774935169700675,0.000598040275658732,0.000978132303442016
16,"young",0.000797960396476461,0.000615638807398755,0.0010076703584385
16.5,"young",0.000810339053635973,0.000627123934234004,0.0010197266310636
17,"young",0.000805243532375135,0.000625566605068562,0.00100937517897752
17.5,"young",0.000796145696131489,0.000614489117563199,0.00100480712232466
18,"young",0.000782615317373268,0.000601712536997127,0.000991014494770477
18.5,"young",0.00077430974195568,0.000593107346762314,0.000983852823247305
19,"young",0.000767629717392116,0.000587745746140442,0.000975172287278603
19.5,"young",0.000771185168238763,0.000588198786645405,0.000984079152854663
20,"young",0.000778005607443016,0.000593205849313655,0.000992648496757225
20.5,"young",0.000775815647521185,0.000588449884843946,0.000995475121860811
21,"young",0.000774385650699998,0.000583037630043359,0.00100023494535627
21.5,"young",0.000771896944693426,0.000572427641651695,0.00101033247505935
22,"young",0.000796693714004366,0.00058482221446647,0.00105132450824184
22.5,"young",0.000810001300500609,0.000589636987871259,0.00107617662934361
23,"young",0.00082971028030282,0.000603036484271825,0.00110391545732096
23.5,"young",0.00086315190554878,0.000625590988624118,0.00115111628646328
24,"young",0.000889850768387348,0.000641903996151965,0.00119067676320325
24.5,"young",0.000910952223813132,0.000656900670909454,0.00121989636587586
25,"young",0.000916964157405485,0.000660949146872357,0.00122840752389582
25.5,"young",0.000889428927724935,0.000642858482311109,0.00118910053194168
26,"young",0.000904584812752322,0.000652593539273638,0.00121084296782994
26.5,"young",0.000873955911659547,0.000635615285916496,0.00116204779279043
27,"young",0.000881988009105254,0.000641693655986628,0.00117251843053833
27.5,"young",0.000903145299014907,0.00065787635929701,0.00119970394069305
28,"young",0.000934157861783299,0.000678874649155065,0.00124301732147123
28.5,"young",0.000960847563762328,0.000695587872291473,0.00128288139650785
29,"young",0.000978696801494552,0.000706741349288729,0.00130948367168334
29.5,"young",0.0010059965939145,0.000724503855726066,0.00134928449090843
30,"young",0.00102926316505821,0.000739074819449802,0.00138405135858588
30.5,"young",0.00106151874174335,0.000761316291080265,0.00142837502669243
31,"young",0.00109177163996876,0.000778730388686254,0.00147508038044588
31.5,"young",0.00115359868184676,0.00081813135303857,0.0015651529001303
32,"young",0.00119174669635268,0.000841823721742511,0.00162172244586415
32.5,"young",0.0012174600955374,0.000857032999978662,0.00166131411706139
33,"young",0.00123900865153244,0.000871178415112077,0.00169162450619972
33.5,"young",0.00123516181618179,0.000870438282928392,0.00168374019339814
34,"young",0.00125509207869794,0.000885098703847807,0.00170970056506675
34.5,"young",0.00126225864893098,0.000893730070218978,0.0017135919997358
35,"young",0.00126468627884858,0.000897729909158547,0.00171358933808364
35.5,"young",0.00126018788890184,0.0008946062523531,0.00170762375911486
36,"young",0.00126940305584491,0.000902186113554179,0.00171913296407868
36.5,"young",0.00124636950375331,0.000889161641013951,0.00168341642409222
37,"young",0.00124426636687019,0.000886165816195592,0.0016837683531944
37.5,"young",0.0012142975846019,0.000868134980597739,0.00163841362124317
38,"young",0.0012537952221466,0.000892787633675409,0.00169735937062925
38.5,"young",0.00123649422014372,0.000883722790457395,0.00166893900270825
39,"young",0.00121366313944366,0.000870769285640943,0.00163223265954822
39.5,"young",0.00123808912631468,0.000885117686354172,0.00166981360564715
40,"young",0.00125771888196031,0.000897911507162708,0.00169848969678851
40.5,"young",0.00124411408796787,0.000891629277784591,0.00167449562984438
41,"young",0.00125981179367231,0.000904444973756657,0.00169341946237224
41.5,"young",0.00127930212180841,0.0009145682661875,0.00172630179086035
42,"young",0.00128104602926284,0.000917416204187692,0.00172614332882815
42.5,"young",0.0012811852569589,0.000919014290661164,0.00172471365953725
43,"young",0.00127206079099525,0.000914647574129033,0.00170861724844902
43.5,"young",0.00125154832183386,0.00090269490283388,0.00167655878543551
44,"young",0.00125481593742692,0.000907181513642128,0.0016777019684685
44.5,"young",0.00126628140118758,0.000918415335441416,0.00168954330403615
45,"young",0.00128492753469741,0.000929095656599903,0.00171940275425844
45.5,"young",0.00127361838233165,0.000916500451622243,0.00171311707093991
46,"young",0.00126952797085605,0.000913057486927772,0.00170845646178143
46.5,"young",0.00126754795113555,0.000909748728119292,0.00170987967349001
47,"young",0.00126560485937225,0.000907795112951548,0.00170819339670976
47.5,"young",0.00125492806342096,0.000897691987051818,0.00169868346683024
48,"young",0.00127259850962004,0.000905973823222185,0.00173009947731136
48.5,"young",0.00126620573465355,0.000899249377368821,0.00172626806637469
49,"young",0.00126333460091155,0.000898388677338434,0.00172029829642237
49.5,"young",0.00125390715429962,0.000892177735785023,0.00170630616940721
50,"young",0.00126261400969737,0.000899172791475854,0.00171635154916543
50.5,"young",0.00128272449224574,0.000911628521946203,0.00174693692316176
51,"young",0.00129949689743334,0.000922266913698858,0.0017716900301114
51.5,"young",0.00130574200841778,0.000930843268929845,0.00177257005802753
52,"young",0.00130510924983948,0.000923912959485828,0.00178318752296995
52.5,"young",0.00132447599418524,0.000939754305144405,0.0018045618986194
53,"young",0.00134746635069478,0.000951010900193689,0.00184523262901449
53.5,"young",0.00135115060604575,0.000953724233753178,0.00184875102090797
54,"young",0.00135525808665517,0.00096008170075662,0.00184793719081233
54.5,"young",0.00135327796420066,0.000961508503035463,0.00183965913077301
55,"young",0.00138712837606539,0.000983025877734787,0.00189076376748554
55.5,"young",0.00139558706437906,0.000994914089280648,0.00189024205756483
56,"young",0.00139776187149652,0.000996422723611061,0.00189296165733643
56.5,"young",0.0013796407463983,0.000985003284961243,0.00186562239893193
57,"young",0.00137265282822789,0.000985325441967892,0.00184617883433697
57.5,"young",0.00138875671928105,0.000989047057799147,0.00188145553046496
58,"young",0.00135752637827534,0.00097363982240417,0.00182806736304919
58.5,"young",0.00132870108593486,0.000952138925824675,0.00179056466028678
59,"young",0.00138851089060058,0.000994759232694715,0.00187160648259212
59.5,"young",0.00137988968071144,0.000993281320545965,0.00185127926503416
60,"young",0.00136821977129162,0.000980353600771542,0.00184422421775593
60.5,"young",0.00136433546305537,0.000982615680182588,0.00182848086600842
61,"young",0.00135842995692915,0.000979785464650638,0.00181881650020223
61.5,"young",0.00137597692181344,0.000988489104132846,0.00184903654074375
62,"young",0.00137987838984532,0.000988599911769475,0.00185846391117659
62.5,"young",0.00138026452242273,0.000992952399839629,0.00185285779898136
63,"young",0.00133683893671705,0.000959452230756927,0.00179744308702888
63.5,"young",0.00140719724692112,0.00100623324016108,0.00189578795816172
64,"young",0.00142174127474441,0.00101108672479811,0.00192617015935398
64.5,"young",0.00147238433000943,0.00104228765784686,0.0020008027890201
65,"young",0.00145102361679395,0.00103227642940535,0.00196464466378149
65.5,"young",0.00148320940821988,0.00104769676450828,0.00201881034228622
66,"young",0.00149312387051977,0.00105599608074651,0.00203100762940691
66.5,"young",0.00146793064238136,0.00103568602871219,0.00200093474292822
67,"young",0.00147881172522203,0.00103990948590007,0.00202175584104301
67.5,"young",0.00147742934977638,0.00104422727549069,0.00200924186531862
68,"young",0.00148592223487153,0.00105035751271441,0.00201983647518961
68.5,"young",0.00150567795264152,0.00106569608614136,0.00204536759785412
69,"young",0.00143394676020708,0.00101634701756202,0.00194605737008881
69.5,"young",0.00144925709778541,0.00102720518539608,0.00196744495596517
70,"young",0.00141233353207065,0.00100540266496316,0.00190910451621386
70.5,"young",0.00148254812862652,0.00104756739759343,0.00201633166326008
71,"young",0.00148202428333642,0.00105825471444302,0.00199635448090757
71.5,"young",0.0014894138057611,0.00105743088553694,0.00201735413504998
72,"young",0.00150984639242078,0.00106759623673076,0.00205177297688636
72.5,"young",0.00154390482518132,0.00109292824988192,0.00209604320267025
73,"young",0.00153635913123483,0.00109502986904386,0.00207242766062977
73.5,"young",0.00151573963077651,0.00107369819246496,0.00205843553320642
74,"young",0.00146840525442422,0.00104311732476519,0.00198842345034176
74.5,"young",0.00147466476967856,0.00104398558427258,0.00200303544089209
75,"young",0.00147811630487792,0.0010502763244851,0.00199993709001071
75.5,"young",0.00147713025190152,0.0010530824611043,0.00199446542555859
76,"young",0.00151544249575107,0.00108064758198363,0.00204594866642224
76.5,"young",0.00148505214815915,0.00106009807793704,0.00200457116278534
77,"young",0.00152172722815748,0.00108907557729493,0.00204717704018662
77.5,"young",0.00150453707682486,0.00107469559997893,0.00202768680565384
78,"young",0.00149944469181699,0.00106824921524032,0.00202609553717318
78.5,"young",0.00154086596011035,0.00110687917569291,0.00206651063320666
79,"young",0.00155091356756687,0.00111466728281252,0.00207862408584089
79.5,"young",0.00160117338767162,0.00115513572223594,0.00213721333630734
80,"young",0.00163744923688312,0.00116695515203587,0.00221213469460993
80.5,"young",0.00160235563011638,0.00115859389085085,0.00213725142467817
81,"young",0.00165114259773678,0.00118807428390784,0.00220996795904557
81.5,"young",0.00160617153613292,0.00116855264039048,0.00213158785581198
82,"young",0.00168005177220429,0.00120761983252037,0.00225536303039471
82.5,"young",0.00169696661661222,0.00122256634988243,0.00227152932986457
83,"young",0.00169772620983038,0.00123092801783302,0.00225981373847448
83.5,"young",0.00169761661944307,0.00121933746298812,0.00227854190222134
84,"young",0.00162807882033863,0.00118585681970876,0.0021590918366108
84.5,"young",0.00169286301278783,0.00122873616212263,0.00225319296146973
85,"young",0.00169913224679824,0.0012421004688732,0.00224774875017385
85.5,"young",0.00172406567453776,0.00124834042996656,0.00230016036786282
86,"young",0.00181342711533121,0.00130807022990535,0.00242566492283218
86.5,"young",0.00178722622526093,0.0013039107321661,0.00236643080118566
87,"young",0.00180089117688961,0.00130171684772321,0.00240341553683376
87.5,"young",0.00184222413292651,0.00133866558658052,0.00244700452951486
88,"young",0.00184723103901953,0.0013613701343123,0.00242291810090926
88.5,"young",0.00185545600554288,0.00134937609971551,0.00246404594353675
89,"young",0.00192754102996184,0.00139571150784036,0.00256938557941516
89.5,"young",0.00198582148433509,0.00143153190267179,0.00265482068727363
90,"young",0.00194407839424575,0.00141601483824847,0.00257544425448929
90.5,"young",0.00191110870184878,0.00139216708487205,0.00253076399732014
91,"young",0.00192382509671486,0.00139720607744972,0.00255471242943523
91.5,"young",0.00193828425430496,0.00140523854372768,0.00257885252952083
92,"young",0.00202353497479544,0.00147604059791757,0.00267838353202837
92.5,"young",0.00196224083498839,0.0014300980874181,0.00259906691289866
93,"young",0.00190830810359519,0.00140412290591861,0.00250511128311434
93.5,"young",0.0019747142794132,0.00145465513994378,0.00258906022824698
94,"young",0.00202721443199626,0.00147756178426337,0.00268455031198758
94.5,"young",0.00202771114885795,0.00148275147561689,0.00267370470440383
95,"young",0.00208872747037007,0.00152338493369004,0.00275852220157762
95.5,"young",0.00208498838298949,0.00150951110037563,0.00277763631446855
96,"young",0.00209811773730977,0.0015209989362042,0.00279249625028722
96.5,"young",0.00211117560154788,0.00153706291064371,0.00279505123990567
97,"young",0.00213414724914511,0.00154877151999081,0.00283291308759035
97.5,"young",0.00210798273226259,0.00154254825335328,0.00277860830979538
98,"young",0.00214779465187601,0.00156138626773822,0.00284416228316062
98.5,"young",0.00215634884848618,0.00158663776320946,0.0028272697758955
99,"young",0.00216493997719506,0.00156525592501342,0.00288153791095633
99.5,"young",0.00224601194846314,0.00162825713782302,0.00298371187822544
100,"young",0.00217498229832292,0.0015831420164864,0.00287802451798862
100.5,"young",0.00221294410521907,0.00160928317079108,0.0029314400516453
101,"young",0.00205054588457152,0.00150412177100398,0.00269827264016082
101.5,"young",0.00204204801170173,0.00150849764385053,0.00266983000550779
102,"young",0.00201134422993223,0.00149051234004463,0.00262264967859998
102.5,"young",0.00206556740737885,0.00153151511445569,0.00268884062060212
103,"young",0.00204663971165047,0.0015241406328637,0.00265238544972884
103.5,"young",0.00192084699302889,0.00143261585680549,0.00248989997845281
104,"young",0.00187242272783632,0.00139830432488935,0.00242206443839415
104.5,"young",0.00199580353703023,0.00147573269195875,0.00260781349975985
105,"young",0.00188601790251666,0.00139837679663828,0.00246039233109977
105.5,"young",0.00186820755553244,0.00139952762663146,0.00240768059828343
106,"young",0.00189505405519189,0.00142110923081226,0.00244293711694516
106.5,"young",0.00199126405260425,0.00147534133875947,0.00259653572644855
107,"young",0.00185018727892836,0.00138685986557181,0.00238629580785015
107.5,"young",0.00175355919020119,0.0013262417727091,0.00224070484592488
108,"young",0.00188988985944117,0.00140919072383169,0.00244979325870079
108.5,"young",0.00178895381539816,0.0013638823233228,0.00227047062581398
109,"young",0.00186261160299473,0.00142180099638474,0.0023638572408975
109.5,"young",0.00188151295150635,0.0014240270680147,0.00240509077741189
110,"young",0.00190607344148727,0.00143042625540978,0.00245893956223834
110.5,"young",0.00189510380829302,0.00144382374311059,0.00240796971923751
111,"young",0.00204176912527294,0.00154942526548913,0.00260788752644076
111.5,"young",0.00204881711925974,0.00152428461165948,0.00265697038485203
112,"young",0.00221396761202699,0.00164741774295633,0.00287166067031781
112.5,"young",0.00205227649578055,0.00157024588412532,0.0025948242237877
113,"young",0.00223131004057395,0.00168166612016652,0.00286272994579663
113.5,"young",0.00232231128968589,0.00172657283094136,0.00301804758949385
114,"young",0.00235335330594783,0.0017760890513797,0.00301541032295774
114.5,"young",0.00236495964055692,0.00178341852153942,0.00303144731022111
115,"young",0.00234611760988887,0.00180237121541264,0.00295609214593246
115.5,"young",0.00229623566421952,0.00172460545690199,0.00295342469220833
116,"young",0.00216108540102682,0.00165730182005215,0.00272748641289536
116.5,"young",0.00225483765167527,0.00169847684478068,0.0028938829915502
117,"young",0.00221177288196765,0.00169824331092643,0.00278771526179391
117.5,"young",0.00221644887068883,0.0017048966411148,0.0027897939755252
118,"young",0.00233437126194613,0.00175696593875693,0.00299875128035649
118.5,"young",0.00220948697885337,0.00169074202182783,0.00279702566974904
119,"young",0.00228509615501273,0.00171997566095433,0.00293422875857879
119.5,"young",0.00247188057314084,0.00183571330795798,0.00321310708570552
120,"young",0.00240770889226595,0.00184367507434465,0.00304367820032227
120.5,"young",0.00248504498338277,0.00185967591372362,0.00320853649467705
121,"young",0.00241577433304547,0.00179462059724071,0.00313790348457772
121.5,"young",0.0022822614433811,0.00170820697528927,0.00294211005435507
122,"young",0.00269922492987441,0.00196465436631741,0.00356908703557913
122.5,"young",0.00244340964706867,0.00180999014152984,0.00318117439686473
123,"young",0.00271748953282224,0.00198444107841498,0.00358363579813943
123.5,"young",0.00265900931783759,0.00200316435521184,0.00340967455184117
124,"young",0.00259320451754919,0.00192086427675857,0.00337349874101304
124.5,"young",0.00273631611139393,0.00197807429803484,0.00363710715846897
125,"young",0.0025480504359087,0.0018978491046873,0.00330034361852621
125.5,"young",0.00278967072105129,0.00208717788231951,0.00360559995522565
126,"young",0.0027412428055965,0.0020118912413209,0.00359735452410472
126.5,"young",0.0026890771318989,0.00200270814427058,0.00348337714673808
127,"young",0.00277436735571905,0.00206083057666015,0.00360471282161984
127.5,"young",0.00292388482423325,0.00212110253930298,0.00387697672099337
128,"young",0.00276108245374912,0.00205326392715345,0.0035801066739735
128.5,"young",0.00286679724428594,0.00210338031172419,0.00376397121716722
129,"young",0.00283266245847268,0.00210483426085386,0.00367967397717967
129.5,"young",0.00285240571700436,0.00210186141961472,0.00373097319371667
130,"young",0.00291800043499791,0.00211813148492145,0.00386555714539417
130.5,"young",0.00284173035998413,0.00210981399670276,0.00369371974337508
131,"young",0.00289297656261152,0.00210860179198543,0.0038182140129977
131.5,"young",0.00286861626980198,0.00214393231118522,0.00371029452810798
132,"young",0.00289727952012354,0.00213726222072164,0.00378813324873914
132.5,"young",0.00289361698368026,0.00214187981710598,0.00377263978819659
133,"young",0.00293758534755049,0.00215316043854118,0.00386226426478516
133.5,"young",0.00285773107208524,0.00214129944773045,0.00368680128661584
134,"young",0.00294413155012778,0.00216627300066339,0.00385921967037657
134.5,"young",0.0028554188484989,0.00215052849839844,0.00366792160794855
135,"young",0.0028890012270818,0.00215454307860143,0.00374271049385163
135.5,"young",0.00286930131689943,0.0021326536799109,0.00372560604586823
136,"young",0.00297876973861901,0.00220567581978768,0.00388655915510933
136.5,"young",0.00296012458174069,0.00219284142444822,0.00385940190312652
137,"young",0.00293118040599197,0.00216890754393984,0.00382297881595125
137.5,"young",0.00306742490232916,0.00225890405163177,0.00402456920269565
138,"young",0.00294905158407157,0.00218908520727524,0.00383732900995505
138.5,"young",0.00309612577184623,0.00226182653223268,0.00408888773638625
139,"young",0.00299140956892941,0.00219475303527957,0.00393061746128192
139.5,"young",0.00287263469491411,0.00217549322308914,0.00367220391379033
140,"young",0.0030771347077019,0.00224186405221048,0.00407032596664724
140.5,"young",0.00322793843836301,0.00230738217767583,0.00434082365800892
141,"young",0.00334000406429316,0.00236216113832683,0.00453327087967399
141.5,"young",0.00306526554439795,0.00225487178629043,0.00402311324104385
142,"young",0.00281597233612435,0.00217513847474911,0.00353571603517153
142.5,"young",0.00299532532090275,0.00218987190168506,0.00394513451657575
143,"young",0.00287335226108831,0.00216785947582547,0.00368297688338464
143.5,"young",0.00295256095993388,0.00221821640017038,0.00380283577053463
144,"young",0.00308627247642386,0.00228845342765741,0.00402570418624317
144.5,"young",0.00293097817885234,0.00221925245334405,0.00374917716044721
145,"young",0.00317571728912267,0.00228378803738288,0.00424620868009802
145.5,"young",0.00316485988058782,0.00226095752655497,0.00425156876778577
146,"young",0.00331595682678137,0.00238275058351638,0.00444461325255856
146.5,"young",0.00343373930620153,0.0024392705446533,0.00464835135343036
147,"young",0.00348855054102585,0.00243951060380016,0.00477916743378941
147.5,"young",0.00355876848703388,0.0024889993938079,0.0048786018720464
148,"young",0.00356179763249297,0.00249124738479657,0.00488251212774763
148.5,"young",0.00351589543230689,0.00245908849951838,0.0048168586753376
149,"young",0.00356785204175526,0.0024957413382881,0.00489032614981254
149.5,"young",0.00349391692664178,0.0024438677297606,0.00478482256793169
150,"young",0.00357419399911065,0.00250044995745347,0.00489850915801401
150.5,"young",0.00357709407038474,0.00250260352952498,0.00490225041923662
151,"young",0.00358021444782209,0.00250492101511741,0.00490627534107147
151.5,"young",0.00358277971161071,0.00250682644252643,0.00490958384766589
152,"young",0.00358612468328826,0.00250931133598637,0.00491389742505957
152.5,"young",0.00358898560038699,0.00251143690634906,0.00491758631471438
153,"young",0.00359162065646601,0.00251339489607567,0.00492098358448468
153.5,"young",0.00359527184528306,0.00251610829114537,0.00492569028327823
154,"young",0.00359759692895662,0.00251783639428881,0.00492868715728806
154.5,"young",0.00360077555958381,0.00252019918125882,0.00493278369215164
155,"young",0.00360375609551774,0.00252241499911408,0.00493662444081911
155.5,"young",0.00360639107864988,0.0025243741523265,0.00494001950990939
156,"young",0.00360872353129317,0.00252610855099878,0.0049430244663446
156.5,"young",0.00361159136468318,0.00252824129274554,0.0049467187574766
157,"young",0.00361450288080715,0.00253040678987883,0.0049504688541536
157.5,"young",0.00361761623243873,0.00253272268604324,0.00495447843581452
158,"young",0.00362026601287106,0.00253469400449023,0.00495789056069906
158.5,"young",0.0036227297784827,0.00253652712435246,0.00496106282923925
159,"young",0.00362528045411389,0.00253842511939309,0.00496434663554717
159.5,"young",0.00362765316893583,0.00254019086463401,0.00496740103110848
160,"young",0.00363213172891685,0.00254352424970953,0.00497316542554701
160.5,"young",0.00363373249622022,0.00254471586359961,0.00497522550218718
161.5,"young",0.00363903079250755,0.00254866045842189,0.00498204312143404
162,"young",0.00364270283229037,0.00255139482298833,0.00498676724434437
164,"young",0.00365252041479983,0.00255870754453139,0.00499939404218648
164.5,"young",0.00365506855713995,0.00256060605346276,0.00500267045129859
165.5,"young",0.00365911552860551,0.00256362169864299,0.00500787332861968
166,"young",0.00366212670492096,0.00256586584803469,0.00501174398216166
